Model,Accuracy,Precision (weighted),Recall (weighted),F1-score (weighted)
Decision Tree,0.999927302335049,0.9998696737387633,0.999927302335049,0.9998983576406018
Random Forest,0.999927302335049,0.9999273055041447,0.999927302335049,0.9999272466172179
Logistic Regression,0.9998109860711274,0.999753177793241,0.9998109860711274,0.9997816303121274
K-Nearest Neighbors,0.9994620372793626,0.99940423284165,0.9994620372793626,0.9994330744005437
Naive Bayes,0.9577626566634679,0.9615653307641399,0.9577626566634679,0.9560526522909293
