Model,Accuracy,Precision (weighted),Recall (weighted),F1-score (weighted)
Decision Tree,1.0,1.0,1.0,1.0
Random Forest,0.9997604101777756,0.9997605571293349,0.9997604101777756,0.9997604233814126
K-Nearest Neighbors,0.9782931621064738,0.9782820419369178,0.9782931621064738,0.9782763589206487
Logistic Regression,0.8456083185586276,0.8447864076413528,0.8456083185586276,0.8442966938774135
Naive Bayes,0.6179021515166035,0.7070883223934101,0.6179021515166035,0.6125591887982116
